{"cameraMode":{"drawMode":0,"name":"Shaded","section":"Shading Mode"},"sceneLighting":true,"audioPlay":false,"sceneViewState":{"m_AlwaysRefresh":false,"showFog":true,"showSkybox":true,"showFlares":true,"showImageEffects":true,"showParticleSystems":true,"showVisualEffectGraphs":true,"m_FxEnabled":true},"in2DMode":false,"pivot":{"x":11.734284400939942,"y":1.7887330055236817,"z":7.148350715637207},"rotation":{"x":0.1345696747303009,"y":-0.3905888497829437,"z":0.057836394757032397,"w":0.9088460803031921},"size":6.209593296051025,"orthographic":true}